RespondentID,Industry,Other (please specify),Emphasis,Value
3358085333,Manufacturing,,Bachelor's Degree in Accounting,3
3358085333,Manufacturing,,Bachelor's Degree in Business Administration or Business Management,3
3358085333,Manufacturing,,Bachelor's Degree in Economics,4
3358085333,Manufacturing,,Bachelor's Degree in Finance,5
3358085333,Manufacturing,,Bachelor's Degree in Marketing,4
3358085333,Manufacturing,,MBA with a Bachelor's Degree in Accounting,4
3358085333,Manufacturing,,MBA with a Bachelor's Degree in Business Administration/Business Management,4
3358085333,Manufacturing,,MBA with a Bachelor's Degree in Economics,4
3358085333,Manufacturing,,MBA with a Bachelor's Degree in Finance,4
3358085333,Manufacturing,,MBA with a Bachelor's Degree in Marketing,4
3347231259,Other Services,"Healthcare, Financial & Customer Service.",Bachelor's Degree in Accounting,4
3347231259,Other Services,"Healthcare, Financial & Customer Service.",Bachelor's Degree in Business Administration or Business Management,4
3347231259,Other Services,"Healthcare, Financial & Customer Service.",Bachelor's Degree in Economics,4
3347231259,Other Services,"Healthcare, Financial & Customer Service.",Bachelor's Degree in Finance,4
3347231259,Other Services,"Healthcare, Financial & Customer Service.",Bachelor's Degree in Marketing,3
3347231259,Other Services,"Healthcare, Financial & Customer Service.",MBA with a Bachelor's Degree in Accounting,3
3347231259,Other Services,"Healthcare, Financial & Customer Service.",MBA with a Bachelor's Degree in Business Administration/Business Management,3
3347231259,Other Services,"Healthcare, Financial & Customer Service.",MBA with a Bachelor's Degree in Economics,3
3347231259,Other Services,"Healthcare, Financial & Customer Service.",MBA with a Bachelor's Degree in Finance,3
3347231259,Other Services,"Healthcare, Financial & Customer Service.",MBA with a Bachelor's Degree in Marketing,3
3344940626,Accommodations and Food Services,,Bachelor's Degree in Accounting,3
3344940626,Accommodations and Food Services,,Bachelor's Degree in Business Administration or Business Management,4
3344940626,Accommodations and Food Services,,Bachelor's Degree in Economics,2
3344940626,Accommodations and Food Services,,Bachelor's Degree in Finance,2
3344940626,Accommodations and Food Services,,Bachelor's Degree in Marketing,4
3344940626,Accommodations and Food Services,,MBA with a Bachelor's Degree in Accounting,2
3344940626,Accommodations and Food Services,,MBA with a Bachelor's Degree in Business Administration/Business Management,2
3344940626,Accommodations and Food Services,,MBA with a Bachelor's Degree in Economics,2
3344940626,Accommodations and Food Services,,MBA with a Bachelor's Degree in Finance,2
3344940626,Accommodations and Food Services,,MBA with a Bachelor's Degree in Marketing,2
3338545976,Manufacturing,,Bachelor's Degree in Accounting,4
3338545976,Manufacturing,,Bachelor's Degree in Business Administration or Business Management,3
3338545976,Manufacturing,,Bachelor's Degree in Economics,3
3338545976,Manufacturing,,Bachelor's Degree in Finance,4
3338545976,Manufacturing,,Bachelor's Degree in Marketing,3
3338545976,Manufacturing,,MBA with a Bachelor's Degree in Accounting,4
3338545976,Manufacturing,,MBA with a Bachelor's Degree in Business Administration/Business Management,4
3338545976,Manufacturing,,MBA with a Bachelor's Degree in Economics,4
3338545976,Manufacturing,,MBA with a Bachelor's Degree in Finance,4
3338545976,Manufacturing,,MBA with a Bachelor's Degree in Marketing,4
3336637404,Manufacturing,,Bachelor's Degree in Accounting,5
3336637404,Manufacturing,,Bachelor's Degree in Business Administration or Business Management,5
3336637404,Manufacturing,,Bachelor's Degree in Economics,4
3336637404,Manufacturing,,Bachelor's Degree in Finance,4
3336637404,Manufacturing,,Bachelor's Degree in Marketing,3
3336637404,Manufacturing,,MBA with a Bachelor's Degree in Accounting,4
3336637404,Manufacturing,,MBA with a Bachelor's Degree in Business Administration/Business Management,4
3336637404,Manufacturing,,MBA with a Bachelor's Degree in Economics,3
3336637404,Manufacturing,,MBA with a Bachelor's Degree in Finance,4
3336637404,Manufacturing,,MBA with a Bachelor's Degree in Marketing,3
3336166493,Retail Trade,,Bachelor's Degree in Accounting,4
3336166493,Retail Trade,,Bachelor's Degree in Business Administration or Business Management,4
3336166493,Retail Trade,,Bachelor's Degree in Economics,4
3336166493,Retail Trade,,Bachelor's Degree in Finance,4
3336166493,Retail Trade,,Bachelor's Degree in Marketing,3
3336166493,Retail Trade,,MBA with a Bachelor's Degree in Accounting,3
3336166493,Retail Trade,,MBA with a Bachelor's Degree in Business Administration/Business Management,3
3336166493,Retail Trade,,MBA with a Bachelor's Degree in Economics,3
3336166493,Retail Trade,,MBA with a Bachelor's Degree in Finance,4
3336166493,Retail Trade,,MBA with a Bachelor's Degree in Marketing,3
3336006088,Wholesale Trade,,Bachelor's Degree in Accounting,4
3336006088,Wholesale Trade,,Bachelor's Degree in Business Administration or Business Management,5
3336006088,Wholesale Trade,,Bachelor's Degree in Economics,3
3336006088,Wholesale Trade,,Bachelor's Degree in Finance,3
3336006088,Wholesale Trade,,Bachelor's Degree in Marketing,3
3336006088,Wholesale Trade,,MBA with a Bachelor's Degree in Accounting,3
3336006088,Wholesale Trade,,MBA with a Bachelor's Degree in Business Administration/Business Management,5
3336006088,Wholesale Trade,,MBA with a Bachelor's Degree in Economics,3
3336006088,Wholesale Trade,,MBA with a Bachelor's Degree in Finance,4
3336006088,Wholesale Trade,,MBA with a Bachelor's Degree in Marketing,4
3335926960,Manufacturing,,Bachelor's Degree in Accounting,5
3335926960,Manufacturing,,Bachelor's Degree in Business Administration or Business Management,3
3335926960,Manufacturing,,Bachelor's Degree in Economics,3
3335926960,Manufacturing,,Bachelor's Degree in Finance,4
3335926960,Manufacturing,,Bachelor's Degree in Marketing,3
3335926960,Manufacturing,,MBA with a Bachelor's Degree in Accounting,5
3335926960,Manufacturing,,MBA with a Bachelor's Degree in Business Administration/Business Management,3
3335926960,Manufacturing,,MBA with a Bachelor's Degree in Economics,3
3335926960,Manufacturing,,MBA with a Bachelor's Degree in Finance,4
3335926960,Manufacturing,,MBA with a Bachelor's Degree in Marketing,3
3335005371,Retail Trade,,Bachelor's Degree in Accounting,3
3335005371,Retail Trade,,Bachelor's Degree in Business Administration or Business Management,5
3335005371,Retail Trade,,Bachelor's Degree in Economics,3
3335005371,Retail Trade,,Bachelor's Degree in Finance,2
3335005371,Retail Trade,,Bachelor's Degree in Marketing,2
3335005371,Retail Trade,,MBA with a Bachelor's Degree in Accounting,3
3335005371,Retail Trade,,MBA with a Bachelor's Degree in Business Administration/Business Management,5
3335005371,Retail Trade,,MBA with a Bachelor's Degree in Economics,3
3335005371,Retail Trade,,MBA with a Bachelor's Degree in Finance,4
3335005371,Retail Trade,,MBA with a Bachelor's Degree in Marketing,3
3334850384,Health Care and Social Assistance,,Bachelor's Degree in Accounting,5
3334850384,Health Care and Social Assistance,,Bachelor's Degree in Business Administration or Business Management,5
3334850384,Health Care and Social Assistance,,Bachelor's Degree in Economics,5
3334850384,Health Care and Social Assistance,,Bachelor's Degree in Finance,5
3334850384,Health Care and Social Assistance,,Bachelor's Degree in Marketing,5
3334850384,Health Care and Social Assistance,,MBA with a Bachelor's Degree in Accounting,5
3334850384,Health Care and Social Assistance,,MBA with a Bachelor's Degree in Business Administration/Business Management,5
3334850384,Health Care and Social Assistance,,MBA with a Bachelor's Degree in Economics,5
3334850384,Health Care and Social Assistance,,MBA with a Bachelor's Degree in Finance,5
3334850384,Health Care and Social Assistance,,MBA with a Bachelor's Degree in Marketing,5
3334835644,"Real Estate, Property Management, Rental",,Bachelor's Degree in Accounting,3
3334835644,"Real Estate, Property Management, Rental",,Bachelor's Degree in Business Administration or Business Management,3
3334835644,"Real Estate, Property Management, Rental",,Bachelor's Degree in Economics,3
3334835644,"Real Estate, Property Management, Rental",,Bachelor's Degree in Finance,3
3334835644,"Real Estate, Property Management, Rental",,Bachelor's Degree in Marketing,3
3334835644,"Real Estate, Property Management, Rental",,MBA with a Bachelor's Degree in Accounting,3
3334835644,"Real Estate, Property Management, Rental",,MBA with a Bachelor's Degree in Business Administration/Business Management,3
3334835644,"Real Estate, Property Management, Rental",,MBA with a Bachelor's Degree in Economics,3
3334835644,"Real Estate, Property Management, Rental",,MBA with a Bachelor's Degree in Finance,3
3334835644,"Real Estate, Property Management, Rental",,MBA with a Bachelor's Degree in Marketing,3
3334833418,"Professional Services (Accounting, Legal, Engineering, Marketing)",,Bachelor's Degree in Accounting,5
3334833418,"Professional Services (Accounting, Legal, Engineering, Marketing)",,Bachelor's Degree in Business Administration or Business Management,3
3334833418,"Professional Services (Accounting, Legal, Engineering, Marketing)",,Bachelor's Degree in Economics,3
3334833418,"Professional Services (Accounting, Legal, Engineering, Marketing)",,Bachelor's Degree in Finance,3
3334833418,"Professional Services (Accounting, Legal, Engineering, Marketing)",,Bachelor's Degree in Marketing,1
3334833418,"Professional Services (Accounting, Legal, Engineering, Marketing)",,MBA with a Bachelor's Degree in Accounting,5
3334833418,"Professional Services (Accounting, Legal, Engineering, Marketing)",,MBA with a Bachelor's Degree in Business Administration/Business Management,3
3334833418,"Professional Services (Accounting, Legal, Engineering, Marketing)",,MBA with a Bachelor's Degree in Economics,3
3334833418,"Professional Services (Accounting, Legal, Engineering, Marketing)",,MBA with a Bachelor's Degree in Finance,3
3334833418,"Professional Services (Accounting, Legal, Engineering, Marketing)",,MBA with a Bachelor's Degree in Marketing,1
3334535207,Retail Trade,,Bachelor's Degree in Accounting,3
3334535207,Retail Trade,,Bachelor's Degree in Business Administration or Business Management,5
3334535207,Retail Trade,,Bachelor's Degree in Economics,4
3334535207,Retail Trade,,Bachelor's Degree in Finance,4
3334535207,Retail Trade,,Bachelor's Degree in Marketing,5
3334535207,Retail Trade,,MBA with a Bachelor's Degree in Accounting,3
3334535207,Retail Trade,,MBA with a Bachelor's Degree in Business Administration/Business Management,5
3334535207,Retail Trade,,MBA with a Bachelor's Degree in Economics,5
3334535207,Retail Trade,,MBA with a Bachelor's Degree in Finance,3
3334535207,Retail Trade,,MBA with a Bachelor's Degree in Marketing,5
3334296372,Health Care and Social Assistance,,Bachelor's Degree in Accounting,2
3334296372,Health Care and Social Assistance,,Bachelor's Degree in Business Administration or Business Management,4
3334296372,Health Care and Social Assistance,,Bachelor's Degree in Economics,2
3334296372,Health Care and Social Assistance,,Bachelor's Degree in Finance,2
3334296372,Health Care and Social Assistance,,Bachelor's Degree in Marketing,3
3334296372,Health Care and Social Assistance,,MBA with a Bachelor's Degree in Accounting,2
3334296372,Health Care and Social Assistance,,MBA with a Bachelor's Degree in Business Administration/Business Management,5
3334296372,Health Care and Social Assistance,,MBA with a Bachelor's Degree in Economics,2
3334296372,Health Care and Social Assistance,,MBA with a Bachelor's Degree in Finance,3
3334296372,Health Care and Social Assistance,,MBA with a Bachelor's Degree in Marketing,3
3334252150,Financial Institution/Insurance/Financial Services,,Bachelor's Degree in Accounting,5
3334252150,Financial Institution/Insurance/Financial Services,,Bachelor's Degree in Business Administration or Business Management,
3334252150,Financial Institution/Insurance/Financial Services,,Bachelor's Degree in Economics,
3334252150,Financial Institution/Insurance/Financial Services,,Bachelor's Degree in Finance,
3334252150,Financial Institution/Insurance/Financial Services,,Bachelor's Degree in Marketing,
3334252150,Financial Institution/Insurance/Financial Services,,MBA with a Bachelor's Degree in Accounting,5
3334252150,Financial Institution/Insurance/Financial Services,,MBA with a Bachelor's Degree in Business Administration/Business Management,
3334252150,Financial Institution/Insurance/Financial Services,,MBA with a Bachelor's Degree in Economics,
3334252150,Financial Institution/Insurance/Financial Services,,MBA with a Bachelor's Degree in Finance,
3334252150,Financial Institution/Insurance/Financial Services,,MBA with a Bachelor's Degree in Marketing,
3329808253,Health Care and Social Assistance,,Bachelor's Degree in Accounting,2
3329808253,Health Care and Social Assistance,,Bachelor's Degree in Business Administration or Business Management,5
3329808253,Health Care and Social Assistance,,Bachelor's Degree in Economics,4
3329808253,Health Care and Social Assistance,,Bachelor's Degree in Finance,4
3329808253,Health Care and Social Assistance,,Bachelor's Degree in Marketing,2
3329808253,Health Care and Social Assistance,,MBA with a Bachelor's Degree in Accounting,2
3329808253,Health Care and Social Assistance,,MBA with a Bachelor's Degree in Business Administration/Business Management,5
3329808253,Health Care and Social Assistance,,MBA with a Bachelor's Degree in Economics,4
3329808253,Health Care and Social Assistance,,MBA with a Bachelor's Degree in Finance,4
3329808253,Health Care and Social Assistance,,MBA with a Bachelor's Degree in Marketing,4
3329580120,"Professional Services (Accounting, Legal, Engineering, Marketing)",,Bachelor's Degree in Accounting,3
3329580120,"Professional Services (Accounting, Legal, Engineering, Marketing)",,Bachelor's Degree in Business Administration or Business Management,4
3329580120,"Professional Services (Accounting, Legal, Engineering, Marketing)",,Bachelor's Degree in Economics,3
3329580120,"Professional Services (Accounting, Legal, Engineering, Marketing)",,Bachelor's Degree in Finance,3
3329580120,"Professional Services (Accounting, Legal, Engineering, Marketing)",,Bachelor's Degree in Marketing,3
3329580120,"Professional Services (Accounting, Legal, Engineering, Marketing)",,MBA with a Bachelor's Degree in Accounting,3
3329580120,"Professional Services (Accounting, Legal, Engineering, Marketing)",,MBA with a Bachelor's Degree in Business Administration/Business Management,3
3329580120,"Professional Services (Accounting, Legal, Engineering, Marketing)",,MBA with a Bachelor's Degree in Economics,3
3329580120,"Professional Services (Accounting, Legal, Engineering, Marketing)",,MBA with a Bachelor's Degree in Finance,3
3329580120,"Professional Services (Accounting, Legal, Engineering, Marketing)",,MBA with a Bachelor's Degree in Marketing,3
3329536689,Health Care and Social Assistance,,Bachelor's Degree in Accounting,4
3329536689,Health Care and Social Assistance,,Bachelor's Degree in Business Administration or Business Management,4
3329536689,Health Care and Social Assistance,,Bachelor's Degree in Economics,3
3329536689,Health Care and Social Assistance,,Bachelor's Degree in Finance,3
3329536689,Health Care and Social Assistance,,Bachelor's Degree in Marketing,3
3329536689,Health Care and Social Assistance,,MBA with a Bachelor's Degree in Accounting,4
3329536689,Health Care and Social Assistance,,MBA with a Bachelor's Degree in Business Administration/Business Management,4
3329536689,Health Care and Social Assistance,,MBA with a Bachelor's Degree in Economics,3
3329536689,Health Care and Social Assistance,,MBA with a Bachelor's Degree in Finance,3
3329536689,Health Care and Social Assistance,,MBA with a Bachelor's Degree in Marketing,3
3329496231,Other Services,Agriculture,Bachelor's Degree in Accounting,3
3329496231,Other Services,Agriculture,Bachelor's Degree in Business Administration or Business Management,4
3329496231,Other Services,Agriculture,Bachelor's Degree in Economics,3
3329496231,Other Services,Agriculture,Bachelor's Degree in Finance,4
3329496231,Other Services,Agriculture,Bachelor's Degree in Marketing,3
3329496231,Other Services,Agriculture,MBA with a Bachelor's Degree in Accounting,3
3329496231,Other Services,Agriculture,MBA with a Bachelor's Degree in Business Administration/Business Management,4
3329496231,Other Services,Agriculture,MBA with a Bachelor's Degree in Economics,3
3329496231,Other Services,Agriculture,MBA with a Bachelor's Degree in Finance,4
3329496231,Other Services,Agriculture,MBA with a Bachelor's Degree in Marketing,3
3328824914,Financial Institution/Insurance/Financial Services,,Bachelor's Degree in Accounting,5
3328824914,Financial Institution/Insurance/Financial Services,,Bachelor's Degree in Business Administration or Business Management,5
3328824914,Financial Institution/Insurance/Financial Services,,Bachelor's Degree in Economics,4
3328824914,Financial Institution/Insurance/Financial Services,,Bachelor's Degree in Finance,5
3328824914,Financial Institution/Insurance/Financial Services,,Bachelor's Degree in Marketing,2
3328824914,Financial Institution/Insurance/Financial Services,,MBA with a Bachelor's Degree in Accounting,5
3328824914,Financial Institution/Insurance/Financial Services,,MBA with a Bachelor's Degree in Business Administration/Business Management,5
3328824914,Financial Institution/Insurance/Financial Services,,MBA with a Bachelor's Degree in Economics,5
3328824914,Financial Institution/Insurance/Financial Services,,MBA with a Bachelor's Degree in Finance,5
3328824914,Financial Institution/Insurance/Financial Services,,MBA with a Bachelor's Degree in Marketing,2
3328059998,Other Services,"Financial assistance and health care, child support, community health and social services",Bachelor's Degree in Accounting,3
3328059998,Other Services,"Financial assistance and health care, child support, community health and social services",Bachelor's Degree in Business Administration or Business Management,3
3328059998,Other Services,"Financial assistance and health care, child support, community health and social services",Bachelor's Degree in Economics,3
3328059998,Other Services,"Financial assistance and health care, child support, community health and social services",Bachelor's Degree in Finance,3
3328059998,Other Services,"Financial assistance and health care, child support, community health and social services",Bachelor's Degree in Marketing,3
3328059998,Other Services,"Financial assistance and health care, child support, community health and social services",MBA with a Bachelor's Degree in Accounting,3
3328059998,Other Services,"Financial assistance and health care, child support, community health and social services",MBA with a Bachelor's Degree in Business Administration/Business Management,3
3328059998,Other Services,"Financial assistance and health care, child support, community health and social services",MBA with a Bachelor's Degree in Economics,3
3328059998,Other Services,"Financial assistance and health care, child support, community health and social services",MBA with a Bachelor's Degree in Finance,
3328059998,Other Services,"Financial assistance and health care, child support, community health and social services",MBA with a Bachelor's Degree in Marketing,3
3327165404,Other Services,Trucking leasing and sales,Bachelor's Degree in Accounting,3
3327165404,Other Services,Trucking leasing and sales,Bachelor's Degree in Business Administration or Business Management,4
3327165404,Other Services,Trucking leasing and sales,Bachelor's Degree in Economics,3
3327165404,Other Services,Trucking leasing and sales,Bachelor's Degree in Finance,3
3327165404,Other Services,Trucking leasing and sales,Bachelor's Degree in Marketing,3
3327165404,Other Services,Trucking leasing and sales,MBA with a Bachelor's Degree in Accounting,3
3327165404,Other Services,Trucking leasing and sales,MBA with a Bachelor's Degree in Business Administration/Business Management,4
3327165404,Other Services,Trucking leasing and sales,MBA with a Bachelor's Degree in Economics,3
3327165404,Other Services,Trucking leasing and sales,MBA with a Bachelor's Degree in Finance,3
3327165404,Other Services,Trucking leasing and sales,MBA with a Bachelor's Degree in Marketing,3
3325536221,Financial Institution/Insurance/Financial Services,,Bachelor's Degree in Accounting,3
3325536221,Financial Institution/Insurance/Financial Services,,Bachelor's Degree in Business Administration or Business Management,5
3325536221,Financial Institution/Insurance/Financial Services,,Bachelor's Degree in Economics,3
3325536221,Financial Institution/Insurance/Financial Services,,Bachelor's Degree in Finance,5
3325536221,Financial Institution/Insurance/Financial Services,,Bachelor's Degree in Marketing,5
3325536221,Financial Institution/Insurance/Financial Services,,MBA with a Bachelor's Degree in Accounting,3
3325536221,Financial Institution/Insurance/Financial Services,,MBA with a Bachelor's Degree in Business Administration/Business Management,3
3325536221,Financial Institution/Insurance/Financial Services,,MBA with a Bachelor's Degree in Economics,3
3325536221,Financial Institution/Insurance/Financial Services,,MBA with a Bachelor's Degree in Finance,3
3325536221,Financial Institution/Insurance/Financial Services,,MBA with a Bachelor's Degree in Marketing,3
3323465381,Retail Trade,,Bachelor's Degree in Accounting,2
3323465381,Retail Trade,,Bachelor's Degree in Business Administration or Business Management,5
3323465381,Retail Trade,,Bachelor's Degree in Economics,2
3323465381,Retail Trade,,Bachelor's Degree in Finance,2
3323465381,Retail Trade,,Bachelor's Degree in Marketing,4
3323465381,Retail Trade,,MBA with a Bachelor's Degree in Accounting,2
3323465381,Retail Trade,,MBA with a Bachelor's Degree in Business Administration/Business Management,5
3323465381,Retail Trade,,MBA with a Bachelor's Degree in Economics,3
3323465381,Retail Trade,,MBA with a Bachelor's Degree in Finance,3
3323465381,Retail Trade,,MBA with a Bachelor's Degree in Marketing,4
3319811938,Retail Trade,,Bachelor's Degree in Accounting,3
3319811938,Retail Trade,,Bachelor's Degree in Business Administration or Business Management,4
3319811938,Retail Trade,,Bachelor's Degree in Economics,4
3319811938,Retail Trade,,Bachelor's Degree in Finance,3
3319811938,Retail Trade,,Bachelor's Degree in Marketing,4
3319811938,Retail Trade,,MBA with a Bachelor's Degree in Accounting,3
3319811938,Retail Trade,,MBA with a Bachelor's Degree in Business Administration/Business Management,3
3319811938,Retail Trade,,MBA with a Bachelor's Degree in Economics,3
3319811938,Retail Trade,,MBA with a Bachelor's Degree in Finance,3
3319811938,Retail Trade,,MBA with a Bachelor's Degree in Marketing,3
3319565998,"Arts, Entertainment, and Recreation",,Bachelor's Degree in Accounting,3
3319565998,"Arts, Entertainment, and Recreation",,Bachelor's Degree in Business Administration or Business Management,4
3319565998,"Arts, Entertainment, and Recreation",,Bachelor's Degree in Economics,3
3319565998,"Arts, Entertainment, and Recreation",,Bachelor's Degree in Finance,3
3319565998,"Arts, Entertainment, and Recreation",,Bachelor's Degree in Marketing,4
3319565998,"Arts, Entertainment, and Recreation",,MBA with a Bachelor's Degree in Accounting,3
3319565998,"Arts, Entertainment, and Recreation",,MBA with a Bachelor's Degree in Business Administration/Business Management,4
3319565998,"Arts, Entertainment, and Recreation",,MBA with a Bachelor's Degree in Economics,3
3319565998,"Arts, Entertainment, and Recreation",,MBA with a Bachelor's Degree in Finance,3
3319565998,"Arts, Entertainment, and Recreation",,MBA with a Bachelor's Degree in Marketing,4
3319393333,Manufacturing,,Bachelor's Degree in Accounting,4
3319393333,Manufacturing,,Bachelor's Degree in Business Administration or Business Management,5
3319393333,Manufacturing,,Bachelor's Degree in Economics,3
3319393333,Manufacturing,,Bachelor's Degree in Finance,4
3319393333,Manufacturing,,Bachelor's Degree in Marketing,3
3319393333,Manufacturing,,MBA with a Bachelor's Degree in Accounting,4
3319393333,Manufacturing,,MBA with a Bachelor's Degree in Business Administration/Business Management,5
3319393333,Manufacturing,,MBA with a Bachelor's Degree in Economics,3
3319393333,Manufacturing,,MBA with a Bachelor's Degree in Finance,3
3319393333,Manufacturing,,MBA with a Bachelor's Degree in Marketing,3
3319301239,Retail Trade,,Bachelor's Degree in Accounting,4
3319301239,Retail Trade,,Bachelor's Degree in Business Administration or Business Management,4
3319301239,Retail Trade,,Bachelor's Degree in Economics,4
3319301239,Retail Trade,,Bachelor's Degree in Finance,4
3319301239,Retail Trade,,Bachelor's Degree in Marketing,4
3319301239,Retail Trade,,MBA with a Bachelor's Degree in Accounting,5
3319301239,Retail Trade,,MBA with a Bachelor's Degree in Business Administration/Business Management,5
3319301239,Retail Trade,,MBA with a Bachelor's Degree in Economics,5
3319301239,Retail Trade,,MBA with a Bachelor's Degree in Finance,5
3319301239,Retail Trade,,MBA with a Bachelor's Degree in Marketing,5
3319273969,Retail Trade,,Bachelor's Degree in Accounting,4
3319273969,Retail Trade,,Bachelor's Degree in Business Administration or Business Management,5
3319273969,Retail Trade,,Bachelor's Degree in Economics,4
3319273969,Retail Trade,,Bachelor's Degree in Finance,4
3319273969,Retail Trade,,Bachelor's Degree in Marketing,5
3319273969,Retail Trade,,MBA with a Bachelor's Degree in Accounting,5
3319273969,Retail Trade,,MBA with a Bachelor's Degree in Business Administration/Business Management,5
3319273969,Retail Trade,,MBA with a Bachelor's Degree in Economics,5
3319273969,Retail Trade,,MBA with a Bachelor's Degree in Finance,4
3319273969,Retail Trade,,MBA with a Bachelor's Degree in Marketing,4
3319208706,Retail Trade,,Bachelor's Degree in Accounting,3
3319208706,Retail Trade,,Bachelor's Degree in Business Administration or Business Management,3
3319208706,Retail Trade,,Bachelor's Degree in Economics,3
3319208706,Retail Trade,,Bachelor's Degree in Finance,3
3319208706,Retail Trade,,Bachelor's Degree in Marketing,3
3319208706,Retail Trade,,MBA with a Bachelor's Degree in Accounting,3
3319208706,Retail Trade,,MBA with a Bachelor's Degree in Business Administration/Business Management,3
3319208706,Retail Trade,,MBA with a Bachelor's Degree in Economics,3
3319208706,Retail Trade,,MBA with a Bachelor's Degree in Finance,3
3319208706,Retail Trade,,MBA with a Bachelor's Degree in Marketing,3
3318995974,"Arts, Entertainment, and Recreation",,Bachelor's Degree in Accounting,4
3318995974,"Arts, Entertainment, and Recreation",,Bachelor's Degree in Business Administration or Business Management,5
3318995974,"Arts, Entertainment, and Recreation",,Bachelor's Degree in Economics,5
3318995974,"Arts, Entertainment, and Recreation",,Bachelor's Degree in Finance,4
3318995974,"Arts, Entertainment, and Recreation",,Bachelor's Degree in Marketing,4
3318995974,"Arts, Entertainment, and Recreation",,MBA with a Bachelor's Degree in Accounting,4
3318995974,"Arts, Entertainment, and Recreation",,MBA with a Bachelor's Degree in Business Administration/Business Management,5
3318995974,"Arts, Entertainment, and Recreation",,MBA with a Bachelor's Degree in Economics,5
3318995974,"Arts, Entertainment, and Recreation",,MBA with a Bachelor's Degree in Finance,4
3318995974,"Arts, Entertainment, and Recreation",,MBA with a Bachelor's Degree in Marketing,4
3318972754,Other Services,,Bachelor's Degree in Accounting,4
3318972754,Other Services,,Bachelor's Degree in Business Administration or Business Management,5
3318972754,Other Services,,Bachelor's Degree in Economics,5
3318972754,Other Services,,Bachelor's Degree in Finance,4
3318972754,Other Services,,Bachelor's Degree in Marketing,4
3318972754,Other Services,,MBA with a Bachelor's Degree in Accounting,4
3318972754,Other Services,,MBA with a Bachelor's Degree in Business Administration/Business Management,5
3318972754,Other Services,,MBA with a Bachelor's Degree in Economics,5
3318972754,Other Services,,MBA with a Bachelor's Degree in Finance,4
3318972754,Other Services,,MBA with a Bachelor's Degree in Marketing,4
3318972029,"Real Estate, Property Management, Rental",,Bachelor's Degree in Accounting,4
3318972029,"Real Estate, Property Management, Rental",,Bachelor's Degree in Business Administration or Business Management,5
3318972029,"Real Estate, Property Management, Rental",,Bachelor's Degree in Economics,4
3318972029,"Real Estate, Property Management, Rental",,Bachelor's Degree in Finance,4
3318972029,"Real Estate, Property Management, Rental",,Bachelor's Degree in Marketing,4
3318972029,"Real Estate, Property Management, Rental",,MBA with a Bachelor's Degree in Accounting,4
3318972029,"Real Estate, Property Management, Rental",,MBA with a Bachelor's Degree in Business Administration/Business Management,5
3318972029,"Real Estate, Property Management, Rental",,MBA with a Bachelor's Degree in Economics,4
3318972029,"Real Estate, Property Management, Rental",,MBA with a Bachelor's Degree in Finance,4
3318972029,"Real Estate, Property Management, Rental",,MBA with a Bachelor's Degree in Marketing,4
3318842937,Financial Institution/Insurance/Financial Services,,Bachelor's Degree in Accounting,4
3318842937,Financial Institution/Insurance/Financial Services,,Bachelor's Degree in Business Administration or Business Management,5
3318842937,Financial Institution/Insurance/Financial Services,,Bachelor's Degree in Economics,4
3318842937,Financial Institution/Insurance/Financial Services,,Bachelor's Degree in Finance,5
3318842937,Financial Institution/Insurance/Financial Services,,Bachelor's Degree in Marketing,4
3318842937,Financial Institution/Insurance/Financial Services,,MBA with a Bachelor's Degree in Accounting,4
3318842937,Financial Institution/Insurance/Financial Services,,MBA with a Bachelor's Degree in Business Administration/Business Management,5
3318842937,Financial Institution/Insurance/Financial Services,,MBA with a Bachelor's Degree in Economics,4
3318842937,Financial Institution/Insurance/Financial Services,,MBA with a Bachelor's Degree in Finance,5
3318842937,Financial Institution/Insurance/Financial Services,,MBA with a Bachelor's Degree in Marketing,4
3316460909,Manufacturing,,Bachelor's Degree in Accounting,4
3316460909,Manufacturing,,Bachelor's Degree in Business Administration or Business Management,3
3316460909,Manufacturing,,Bachelor's Degree in Economics,3
3316460909,Manufacturing,,Bachelor's Degree in Finance,4
3316460909,Manufacturing,,Bachelor's Degree in Marketing,3
3316460909,Manufacturing,,MBA with a Bachelor's Degree in Accounting,3
3316460909,Manufacturing,,MBA with a Bachelor's Degree in Business Administration/Business Management,4
3316460909,Manufacturing,,MBA with a Bachelor's Degree in Economics,3
3316460909,Manufacturing,,MBA with a Bachelor's Degree in Finance,5
3316460909,Manufacturing,,MBA with a Bachelor's Degree in Marketing,5
3314862914,Financial Institution/Insurance/Financial Services,,Bachelor's Degree in Accounting,4
3314862914,Financial Institution/Insurance/Financial Services,,Bachelor's Degree in Business Administration or Business Management,4
3314862914,Financial Institution/Insurance/Financial Services,,Bachelor's Degree in Economics,4
3314862914,Financial Institution/Insurance/Financial Services,,Bachelor's Degree in Finance,5
3314862914,Financial Institution/Insurance/Financial Services,,Bachelor's Degree in Marketing,5
3314862914,Financial Institution/Insurance/Financial Services,,MBA with a Bachelor's Degree in Accounting,3
3314862914,Financial Institution/Insurance/Financial Services,,MBA with a Bachelor's Degree in Business Administration/Business Management,3
3314862914,Financial Institution/Insurance/Financial Services,,MBA with a Bachelor's Degree in Economics,3
3314862914,Financial Institution/Insurance/Financial Services,,MBA with a Bachelor's Degree in Finance,3
3314862914,Financial Institution/Insurance/Financial Services,,MBA with a Bachelor's Degree in Marketing,3
3314346280,Manufacturing,,Bachelor's Degree in Accounting,4
3314346280,Manufacturing,,Bachelor's Degree in Business Administration or Business Management,5
3314346280,Manufacturing,,Bachelor's Degree in Economics,4
3314346280,Manufacturing,,Bachelor's Degree in Finance,4
3314346280,Manufacturing,,Bachelor's Degree in Marketing,4
3314346280,Manufacturing,,MBA with a Bachelor's Degree in Accounting,5
3314346280,Manufacturing,,MBA with a Bachelor's Degree in Business Administration/Business Management,5
3314346280,Manufacturing,,MBA with a Bachelor's Degree in Economics,5
3314346280,Manufacturing,,MBA with a Bachelor's Degree in Finance,5
3314346280,Manufacturing,,MBA with a Bachelor's Degree in Marketing,5
3312507688,Financial Institution/Insurance/Financial Services,,Bachelor's Degree in Accounting,4
3312507688,Financial Institution/Insurance/Financial Services,,Bachelor's Degree in Business Administration or Business Management,4
3312507688,Financial Institution/Insurance/Financial Services,,Bachelor's Degree in Economics,4
3312507688,Financial Institution/Insurance/Financial Services,,Bachelor's Degree in Finance,4
3312507688,Financial Institution/Insurance/Financial Services,,Bachelor's Degree in Marketing,3
3312507688,Financial Institution/Insurance/Financial Services,,MBA with a Bachelor's Degree in Accounting,3
3312507688,Financial Institution/Insurance/Financial Services,,MBA with a Bachelor's Degree in Business Administration/Business Management,3
3312507688,Financial Institution/Insurance/Financial Services,,MBA with a Bachelor's Degree in Economics,3
3312507688,Financial Institution/Insurance/Financial Services,,MBA with a Bachelor's Degree in Finance,3
3312507688,Financial Institution/Insurance/Financial Services,,MBA with a Bachelor's Degree in Marketing,3
3312462773,Educational Services,,Bachelor's Degree in Accounting,5
3312462773,Educational Services,,Bachelor's Degree in Business Administration or Business Management,5
3312462773,Educational Services,,Bachelor's Degree in Economics,5
3312462773,Educational Services,,Bachelor's Degree in Finance,5
3312462773,Educational Services,,Bachelor's Degree in Marketing,5
3312462773,Educational Services,,MBA with a Bachelor's Degree in Accounting,5
3312462773,Educational Services,,MBA with a Bachelor's Degree in Business Administration/Business Management,5
3312462773,Educational Services,,MBA with a Bachelor's Degree in Economics,5
3312462773,Educational Services,,MBA with a Bachelor's Degree in Finance,5
3312462773,Educational Services,,MBA with a Bachelor's Degree in Marketing,5
3312422356,Other Services,communications,Bachelor's Degree in Accounting,3
3312422356,Other Services,communications,Bachelor's Degree in Business Administration or Business Management,4
3312422356,Other Services,communications,Bachelor's Degree in Economics,4
3312422356,Other Services,communications,Bachelor's Degree in Finance,3
3312422356,Other Services,communications,Bachelor's Degree in Marketing,4
3312422356,Other Services,communications,MBA with a Bachelor's Degree in Accounting,3
3312422356,Other Services,communications,MBA with a Bachelor's Degree in Business Administration/Business Management,4
3312422356,Other Services,communications,MBA with a Bachelor's Degree in Economics,3
3312422356,Other Services,communications,MBA with a Bachelor's Degree in Finance,3
3312422356,Other Services,communications,MBA with a Bachelor's Degree in Marketing,3
3311382520,Manufacturing,,Bachelor's Degree in Accounting,3
3311382520,Manufacturing,,Bachelor's Degree in Business Administration or Business Management,4
3311382520,Manufacturing,,Bachelor's Degree in Economics,4
3311382520,Manufacturing,,Bachelor's Degree in Finance,3
3311382520,Manufacturing,,Bachelor's Degree in Marketing,3
3311382520,Manufacturing,,MBA with a Bachelor's Degree in Accounting,3
3311382520,Manufacturing,,MBA with a Bachelor's Degree in Business Administration/Business Management,4
3311382520,Manufacturing,,MBA with a Bachelor's Degree in Economics,4
3311382520,Manufacturing,,MBA with a Bachelor's Degree in Finance,3
3311382520,Manufacturing,,MBA with a Bachelor's Degree in Marketing,3
3310335665,Manufacturing,,Bachelor's Degree in Accounting,5
3310335665,Manufacturing,,Bachelor's Degree in Business Administration or Business Management,5
3310335665,Manufacturing,,Bachelor's Degree in Economics,4
3310335665,Manufacturing,,Bachelor's Degree in Finance,4
3310335665,Manufacturing,,Bachelor's Degree in Marketing,5
3310335665,Manufacturing,,MBA with a Bachelor's Degree in Accounting,5
3310335665,Manufacturing,,MBA with a Bachelor's Degree in Business Administration/Business Management,5
3310335665,Manufacturing,,MBA with a Bachelor's Degree in Economics,4
3310335665,Manufacturing,,MBA with a Bachelor's Degree in Finance,4
3310335665,Manufacturing,,MBA with a Bachelor's Degree in Marketing,5
3309532568,Educational Services,,Bachelor's Degree in Accounting,5
3309532568,Educational Services,,Bachelor's Degree in Business Administration or Business Management,5
3309532568,Educational Services,,Bachelor's Degree in Economics,3
3309532568,Educational Services,,Bachelor's Degree in Finance,5
3309532568,Educational Services,,Bachelor's Degree in Marketing,5
3309532568,Educational Services,,MBA with a Bachelor's Degree in Accounting,5
3309532568,Educational Services,,MBA with a Bachelor's Degree in Business Administration/Business Management,5
3309532568,Educational Services,,MBA with a Bachelor's Degree in Economics,3
3309532568,Educational Services,,MBA with a Bachelor's Degree in Finance,5
3309532568,Educational Services,,MBA with a Bachelor's Degree in Marketing,
3306404432,Financial Institution/Insurance/Financial Services,,Bachelor's Degree in Accounting,4
3306404432,Financial Institution/Insurance/Financial Services,,Bachelor's Degree in Business Administration or Business Management,3
3306404432,Financial Institution/Insurance/Financial Services,,Bachelor's Degree in Economics,3
3306404432,Financial Institution/Insurance/Financial Services,,Bachelor's Degree in Finance,5
3306404432,Financial Institution/Insurance/Financial Services,,Bachelor's Degree in Marketing,4
3306404432,Financial Institution/Insurance/Financial Services,,MBA with a Bachelor's Degree in Accounting,3
3306404432,Financial Institution/Insurance/Financial Services,,MBA with a Bachelor's Degree in Business Administration/Business Management,3
3306404432,Financial Institution/Insurance/Financial Services,,MBA with a Bachelor's Degree in Economics,3
3306404432,Financial Institution/Insurance/Financial Services,,MBA with a Bachelor's Degree in Finance,3
3306404432,Financial Institution/Insurance/Financial Services,,MBA with a Bachelor's Degree in Marketing,3
3305136016,Other Services,,Bachelor's Degree in Accounting,4
3305136016,Other Services,,Bachelor's Degree in Business Administration or Business Management,5
3305136016,Other Services,,Bachelor's Degree in Economics,4
3305136016,Other Services,,Bachelor's Degree in Finance,4
3305136016,Other Services,,Bachelor's Degree in Marketing,3
3305136016,Other Services,,MBA with a Bachelor's Degree in Accounting,
3305136016,Other Services,,MBA with a Bachelor's Degree in Business Administration/Business Management,5
3305136016,Other Services,,MBA with a Bachelor's Degree in Economics,4
3305136016,Other Services,,MBA with a Bachelor's Degree in Finance,4
3305136016,Other Services,,MBA with a Bachelor's Degree in Marketing,3
3305074297,Financial Institution/Insurance/Financial Services,,Bachelor's Degree in Accounting,4
3305074297,Financial Institution/Insurance/Financial Services,,Bachelor's Degree in Business Administration or Business Management,4
3305074297,Financial Institution/Insurance/Financial Services,,Bachelor's Degree in Economics,2
3305074297,Financial Institution/Insurance/Financial Services,,Bachelor's Degree in Finance,5
3305074297,Financial Institution/Insurance/Financial Services,,Bachelor's Degree in Marketing,2
3305074297,Financial Institution/Insurance/Financial Services,,MBA with a Bachelor's Degree in Accounting,5
3305074297,Financial Institution/Insurance/Financial Services,,MBA with a Bachelor's Degree in Business Administration/Business Management,5
3305074297,Financial Institution/Insurance/Financial Services,,MBA with a Bachelor's Degree in Economics,2
3305074297,Financial Institution/Insurance/Financial Services,,MBA with a Bachelor's Degree in Finance,5
3305074297,Financial Institution/Insurance/Financial Services,,MBA with a Bachelor's Degree in Marketing,2
3304900712,"Professional Services (Accounting, Legal, Engineering, Marketing)",,Bachelor's Degree in Accounting,3
3304900712,"Professional Services (Accounting, Legal, Engineering, Marketing)",,Bachelor's Degree in Business Administration or Business Management,4
3304900712,"Professional Services (Accounting, Legal, Engineering, Marketing)",,Bachelor's Degree in Economics,3
3304900712,"Professional Services (Accounting, Legal, Engineering, Marketing)",,Bachelor's Degree in Finance,3
3304900712,"Professional Services (Accounting, Legal, Engineering, Marketing)",,Bachelor's Degree in Marketing,3
3304900712,"Professional Services (Accounting, Legal, Engineering, Marketing)",,MBA with a Bachelor's Degree in Accounting,3
3304900712,"Professional Services (Accounting, Legal, Engineering, Marketing)",,MBA with a Bachelor's Degree in Business Administration/Business Management,4
3304900712,"Professional Services (Accounting, Legal, Engineering, Marketing)",,MBA with a Bachelor's Degree in Economics,4
3304900712,"Professional Services (Accounting, Legal, Engineering, Marketing)",,MBA with a Bachelor's Degree in Finance,3
3304900712,"Professional Services (Accounting, Legal, Engineering, Marketing)",,MBA with a Bachelor's Degree in Marketing,3
3304366554,Other Services,Publishing,Bachelor's Degree in Accounting,3
3304366554,Other Services,Publishing,Bachelor's Degree in Business Administration or Business Management,3
3304366554,Other Services,Publishing,Bachelor's Degree in Economics,3
3304366554,Other Services,Publishing,Bachelor's Degree in Finance,3
3304366554,Other Services,Publishing,Bachelor's Degree in Marketing,3
3304366554,Other Services,Publishing,MBA with a Bachelor's Degree in Accounting,3
3304366554,Other Services,Publishing,MBA with a Bachelor's Degree in Business Administration/Business Management,3
3304366554,Other Services,Publishing,MBA with a Bachelor's Degree in Economics,3
3304366554,Other Services,Publishing,MBA with a Bachelor's Degree in Finance,3
3304366554,Other Services,Publishing,MBA with a Bachelor's Degree in Marketing,3
3304190219,Financial Institution/Insurance/Financial Services,,Bachelor's Degree in Accounting,4
3304190219,Financial Institution/Insurance/Financial Services,,Bachelor's Degree in Business Administration or Business Management,4
3304190219,Financial Institution/Insurance/Financial Services,,Bachelor's Degree in Economics,4
3304190219,Financial Institution/Insurance/Financial Services,,Bachelor's Degree in Finance,4
3304190219,Financial Institution/Insurance/Financial Services,,Bachelor's Degree in Marketing,4
3304190219,Financial Institution/Insurance/Financial Services,,MBA with a Bachelor's Degree in Accounting,5
3304190219,Financial Institution/Insurance/Financial Services,,MBA with a Bachelor's Degree in Business Administration/Business Management,5
3304190219,Financial Institution/Insurance/Financial Services,,MBA with a Bachelor's Degree in Economics,5
3304190219,Financial Institution/Insurance/Financial Services,,MBA with a Bachelor's Degree in Finance,5
3304190219,Financial Institution/Insurance/Financial Services,,MBA with a Bachelor's Degree in Marketing,5
3302327774,Health Care and Social Assistance,,Bachelor's Degree in Accounting,3
3302327774,Health Care and Social Assistance,,Bachelor's Degree in Business Administration or Business Management,3
3302327774,Health Care and Social Assistance,,Bachelor's Degree in Economics,3
3302327774,Health Care and Social Assistance,,Bachelor's Degree in Finance,3
3302327774,Health Care and Social Assistance,,Bachelor's Degree in Marketing,3
3302327774,Health Care and Social Assistance,,MBA with a Bachelor's Degree in Accounting,3
3302327774,Health Care and Social Assistance,,MBA with a Bachelor's Degree in Business Administration/Business Management,4
3302327774,Health Care and Social Assistance,,MBA with a Bachelor's Degree in Economics,3
3302327774,Health Care and Social Assistance,,MBA with a Bachelor's Degree in Finance,3
3302327774,Health Care and Social Assistance,,MBA with a Bachelor's Degree in Marketing,3
3301789866,Other Services,Media - Daily Newspaper,Bachelor's Degree in Accounting,3
3301789866,Other Services,Media - Daily Newspaper,Bachelor's Degree in Business Administration or Business Management,4
3301789866,Other Services,Media - Daily Newspaper,Bachelor's Degree in Economics,3
3301789866,Other Services,Media - Daily Newspaper,Bachelor's Degree in Finance,3
3301789866,Other Services,Media - Daily Newspaper,Bachelor's Degree in Marketing,4
3301789866,Other Services,Media - Daily Newspaper,MBA with a Bachelor's Degree in Accounting,3
3301789866,Other Services,Media - Daily Newspaper,MBA with a Bachelor's Degree in Business Administration/Business Management,3
3301789866,Other Services,Media - Daily Newspaper,MBA with a Bachelor's Degree in Economics,3
3301789866,Other Services,Media - Daily Newspaper,MBA with a Bachelor's Degree in Finance,3
3301789866,Other Services,Media - Daily Newspaper,MBA with a Bachelor's Degree in Marketing,3
3300522722,Other Services,Transportation,Bachelor's Degree in Accounting,5
3300522722,Other Services,Transportation,Bachelor's Degree in Business Administration or Business Management,5
3300522722,Other Services,Transportation,Bachelor's Degree in Economics,5
3300522722,Other Services,Transportation,Bachelor's Degree in Finance,5
3300522722,Other Services,Transportation,Bachelor's Degree in Marketing,5
3300522722,Other Services,Transportation,MBA with a Bachelor's Degree in Accounting,5
3300522722,Other Services,Transportation,MBA with a Bachelor's Degree in Business Administration/Business Management,5
3300522722,Other Services,Transportation,MBA with a Bachelor's Degree in Economics,5
3300522722,Other Services,Transportation,MBA with a Bachelor's Degree in Finance,5
3300522722,Other Services,Transportation,MBA with a Bachelor's Degree in Marketing,5
3300416365,Health Care and Social Assistance,,Bachelor's Degree in Accounting,4
3300416365,Health Care and Social Assistance,,Bachelor's Degree in Business Administration or Business Management,5
3300416365,Health Care and Social Assistance,,Bachelor's Degree in Economics,4
3300416365,Health Care and Social Assistance,,Bachelor's Degree in Finance,4
3300416365,Health Care and Social Assistance,,Bachelor's Degree in Marketing,4
3300416365,Health Care and Social Assistance,,MBA with a Bachelor's Degree in Accounting,4
3300416365,Health Care and Social Assistance,,MBA with a Bachelor's Degree in Business Administration/Business Management,5
3300416365,Health Care and Social Assistance,,MBA with a Bachelor's Degree in Economics,5
3300416365,Health Care and Social Assistance,,MBA with a Bachelor's Degree in Finance,5
3300416365,Health Care and Social Assistance,,MBA with a Bachelor's Degree in Marketing,5
3290327480,Health Care and Social Assistance,,Bachelor's Degree in Accounting,4
3290327480,Health Care and Social Assistance,,Bachelor's Degree in Business Administration or Business Management,5
3290327480,Health Care and Social Assistance,,Bachelor's Degree in Economics,4
3290327480,Health Care and Social Assistance,,Bachelor's Degree in Finance,4
3290327480,Health Care and Social Assistance,,Bachelor's Degree in Marketing,4
3290327480,Health Care and Social Assistance,,MBA with a Bachelor's Degree in Accounting,4
3290327480,Health Care and Social Assistance,,MBA with a Bachelor's Degree in Business Administration/Business Management,5
3290327480,Health Care and Social Assistance,,MBA with a Bachelor's Degree in Economics,4
3290327480,Health Care and Social Assistance,,MBA with a Bachelor's Degree in Finance,4
3290327480,Health Care and Social Assistance,,MBA with a Bachelor's Degree in Marketing,4
3289866024,Government/Not-For-Profit,,Bachelor's Degree in Accounting,4
3289866024,Government/Not-For-Profit,,Bachelor's Degree in Business Administration or Business Management,4
3289866024,Government/Not-For-Profit,,Bachelor's Degree in Economics,3
3289866024,Government/Not-For-Profit,,Bachelor's Degree in Finance,4
3289866024,Government/Not-For-Profit,,Bachelor's Degree in Marketing,2
3289866024,Government/Not-For-Profit,,MBA with a Bachelor's Degree in Accounting,4
3289866024,Government/Not-For-Profit,,MBA with a Bachelor's Degree in Business Administration/Business Management,4
3289866024,Government/Not-For-Profit,,MBA with a Bachelor's Degree in Economics,3
3289866024,Government/Not-For-Profit,,MBA with a Bachelor's Degree in Finance,4
3289866024,Government/Not-For-Profit,,MBA with a Bachelor's Degree in Marketing,2
3289668081,Health Care and Social Assistance,,Bachelor's Degree in Accounting,3
3289668081,Health Care and Social Assistance,,Bachelor's Degree in Business Administration or Business Management,5
3289668081,Health Care and Social Assistance,,Bachelor's Degree in Economics,4
3289668081,Health Care and Social Assistance,,Bachelor's Degree in Finance,3
3289668081,Health Care and Social Assistance,,Bachelor's Degree in Marketing,3
3289668081,Health Care and Social Assistance,,MBA with a Bachelor's Degree in Accounting,3
3289668081,Health Care and Social Assistance,,MBA with a Bachelor's Degree in Business Administration/Business Management,4
3289668081,Health Care and Social Assistance,,MBA with a Bachelor's Degree in Economics,4
3289668081,Health Care and Social Assistance,,MBA with a Bachelor's Degree in Finance,3
3289668081,Health Care and Social Assistance,,MBA with a Bachelor's Degree in Marketing,3
3287692441,Manufacturing,,Bachelor's Degree in Accounting,4
3287692441,Manufacturing,,Bachelor's Degree in Business Administration or Business Management,4
3287692441,Manufacturing,,Bachelor's Degree in Economics,2
3287692441,Manufacturing,,Bachelor's Degree in Finance,2
3287692441,Manufacturing,,Bachelor's Degree in Marketing,4
3287692441,Manufacturing,,MBA with a Bachelor's Degree in Accounting,4
3287692441,Manufacturing,,MBA with a Bachelor's Degree in Business Administration/Business Management,5
3287692441,Manufacturing,,MBA with a Bachelor's Degree in Economics,3
3287692441,Manufacturing,,MBA with a Bachelor's Degree in Finance,3
3287692441,Manufacturing,,MBA with a Bachelor's Degree in Marketing,4
3287455067,Manufacturing,,Bachelor's Degree in Accounting,5
3287455067,Manufacturing,,Bachelor's Degree in Business Administration or Business Management,5
3287455067,Manufacturing,,Bachelor's Degree in Economics,5
3287455067,Manufacturing,,Bachelor's Degree in Finance,5
3287455067,Manufacturing,,Bachelor's Degree in Marketing,5
3287455067,Manufacturing,,MBA with a Bachelor's Degree in Accounting,5
3287455067,Manufacturing,,MBA with a Bachelor's Degree in Business Administration/Business Management,5
3287455067,Manufacturing,,MBA with a Bachelor's Degree in Economics,5
3287455067,Manufacturing,,MBA with a Bachelor's Degree in Finance,5
3287455067,Manufacturing,,MBA with a Bachelor's Degree in Marketing,5
3285500453,Health Care and Social Assistance,,Bachelor's Degree in Accounting,5
3285500453,Health Care and Social Assistance,,Bachelor's Degree in Business Administration or Business Management,5
3285500453,Health Care and Social Assistance,,Bachelor's Degree in Economics,4
3285500453,Health Care and Social Assistance,,Bachelor's Degree in Finance,5
3285500453,Health Care and Social Assistance,,Bachelor's Degree in Marketing,4
3285500453,Health Care and Social Assistance,,MBA with a Bachelor's Degree in Accounting,5
3285500453,Health Care and Social Assistance,,MBA with a Bachelor's Degree in Business Administration/Business Management,5
3285500453,Health Care and Social Assistance,,MBA with a Bachelor's Degree in Economics,4
3285500453,Health Care and Social Assistance,,MBA with a Bachelor's Degree in Finance,4
3285500453,Health Care and Social Assistance,,MBA with a Bachelor's Degree in Marketing,4
3285438187,Government/Not-For-Profit,,Bachelor's Degree in Accounting,5
3285438187,Government/Not-For-Profit,,Bachelor's Degree in Business Administration or Business Management,4
3285438187,Government/Not-For-Profit,,Bachelor's Degree in Economics,2
3285438187,Government/Not-For-Profit,,Bachelor's Degree in Finance,5
3285438187,Government/Not-For-Profit,,Bachelor's Degree in Marketing,2
3285438187,Government/Not-For-Profit,,MBA with a Bachelor's Degree in Accounting,5
3285438187,Government/Not-For-Profit,,MBA with a Bachelor's Degree in Business Administration/Business Management,3
3285438187,Government/Not-For-Profit,,MBA with a Bachelor's Degree in Economics,2
3285438187,Government/Not-For-Profit,,MBA with a Bachelor's Degree in Finance,5
3285438187,Government/Not-For-Profit,,MBA with a Bachelor's Degree in Marketing,3
3279963668,Health Care and Social Assistance,,Bachelor's Degree in Accounting,4
3279963668,Health Care and Social Assistance,,Bachelor's Degree in Business Administration or Business Management,5
3279963668,Health Care and Social Assistance,,Bachelor's Degree in Economics,3
3279963668,Health Care and Social Assistance,,Bachelor's Degree in Finance,4
3279963668,Health Care and Social Assistance,,Bachelor's Degree in Marketing,4
3279963668,Health Care and Social Assistance,,MBA with a Bachelor's Degree in Accounting,4
3279963668,Health Care and Social Assistance,,MBA with a Bachelor's Degree in Business Administration/Business Management,5
3279963668,Health Care and Social Assistance,,MBA with a Bachelor's Degree in Economics,3
3279963668,Health Care and Social Assistance,,MBA with a Bachelor's Degree in Finance,4
3279963668,Health Care and Social Assistance,,MBA with a Bachelor's Degree in Marketing,4
3279215502,Manufacturing,,Bachelor's Degree in Accounting,4
3279215502,Manufacturing,,Bachelor's Degree in Business Administration or Business Management,5
3279215502,Manufacturing,,Bachelor's Degree in Economics,4
3279215502,Manufacturing,,Bachelor's Degree in Finance,3
3279215502,Manufacturing,,Bachelor's Degree in Marketing,5
3279215502,Manufacturing,,MBA with a Bachelor's Degree in Accounting,2
3279215502,Manufacturing,,MBA with a Bachelor's Degree in Business Administration/Business Management,5
3279215502,Manufacturing,,MBA with a Bachelor's Degree in Economics,2
3279215502,Manufacturing,,MBA with a Bachelor's Degree in Finance,2
3279215502,Manufacturing,,MBA with a Bachelor's Degree in Marketing,5
3279193635,Other Services,Distribution,Bachelor's Degree in Accounting,3
3279193635,Other Services,Distribution,Bachelor's Degree in Business Administration or Business Management,5
3279193635,Other Services,Distribution,Bachelor's Degree in Economics,3
3279193635,Other Services,Distribution,Bachelor's Degree in Finance,3
3279193635,Other Services,Distribution,Bachelor's Degree in Marketing,4
3279193635,Other Services,Distribution,MBA with a Bachelor's Degree in Accounting,3
3279193635,Other Services,Distribution,MBA with a Bachelor's Degree in Business Administration/Business Management,5
3279193635,Other Services,Distribution,MBA with a Bachelor's Degree in Economics,4
3279193635,Other Services,Distribution,MBA with a Bachelor's Degree in Finance,4
3279193635,Other Services,Distribution,MBA with a Bachelor's Degree in Marketing,4
3278824712,Government/Not-For-Profit,,Bachelor's Degree in Accounting,3
3278824712,Government/Not-For-Profit,,Bachelor's Degree in Business Administration or Business Management,3
3278824712,Government/Not-For-Profit,,Bachelor's Degree in Economics,3
3278824712,Government/Not-For-Profit,,Bachelor's Degree in Finance,3
3278824712,Government/Not-For-Profit,,Bachelor's Degree in Marketing,3
3278824712,Government/Not-For-Profit,,MBA with a Bachelor's Degree in Accounting,3
3278824712,Government/Not-For-Profit,,MBA with a Bachelor's Degree in Business Administration/Business Management,3
3278824712,Government/Not-For-Profit,,MBA with a Bachelor's Degree in Economics,3
3278824712,Government/Not-For-Profit,,MBA with a Bachelor's Degree in Finance,3
3278824712,Government/Not-For-Profit,,MBA with a Bachelor's Degree in Marketing,3
3277762658,Retail Trade,,Bachelor's Degree in Accounting,5
3277762658,Retail Trade,,Bachelor's Degree in Business Administration or Business Management,5
3277762658,Retail Trade,,Bachelor's Degree in Economics,4
3277762658,Retail Trade,,Bachelor's Degree in Finance,5
3277762658,Retail Trade,,Bachelor's Degree in Marketing,5
3277762658,Retail Trade,,MBA with a Bachelor's Degree in Accounting,5
3277762658,Retail Trade,,MBA with a Bachelor's Degree in Business Administration/Business Management,5
3277762658,Retail Trade,,MBA with a Bachelor's Degree in Economics,4
3277762658,Retail Trade,,MBA with a Bachelor's Degree in Finance,5
3277762658,Retail Trade,,MBA with a Bachelor's Degree in Marketing,5
3277423655,Other Services,Telecommunications,Bachelor's Degree in Accounting,4
3277423655,Other Services,Telecommunications,Bachelor's Degree in Business Administration or Business Management,5
3277423655,Other Services,Telecommunications,Bachelor's Degree in Economics,5
3277423655,Other Services,Telecommunications,Bachelor's Degree in Finance,4
3277423655,Other Services,Telecommunications,Bachelor's Degree in Marketing,4
3277423655,Other Services,Telecommunications,MBA with a Bachelor's Degree in Accounting,4
3277423655,Other Services,Telecommunications,MBA with a Bachelor's Degree in Business Administration/Business Management,5
3277423655,Other Services,Telecommunications,MBA with a Bachelor's Degree in Economics,5
3277423655,Other Services,Telecommunications,MBA with a Bachelor's Degree in Finance,4
3277423655,Other Services,Telecommunications,MBA with a Bachelor's Degree in Marketing,4
3277074458,Manufacturing,,Bachelor's Degree in Accounting,3
3277074458,Manufacturing,,Bachelor's Degree in Business Administration or Business Management,3
3277074458,Manufacturing,,Bachelor's Degree in Economics,3
3277074458,Manufacturing,,Bachelor's Degree in Finance,3
3277074458,Manufacturing,,Bachelor's Degree in Marketing,4
3277074458,Manufacturing,,MBA with a Bachelor's Degree in Accounting,3
3277074458,Manufacturing,,MBA with a Bachelor's Degree in Business Administration/Business Management,5
3277074458,Manufacturing,,MBA with a Bachelor's Degree in Economics,3
3277074458,Manufacturing,,MBA with a Bachelor's Degree in Finance,3
3277074458,Manufacturing,,MBA with a Bachelor's Degree in Marketing,4
3276981161,Financial Institution/Insurance/Financial Services,,Bachelor's Degree in Accounting,3
3276981161,Financial Institution/Insurance/Financial Services,,Bachelor's Degree in Business Administration or Business Management,3
3276981161,Financial Institution/Insurance/Financial Services,,Bachelor's Degree in Economics,3
3276981161,Financial Institution/Insurance/Financial Services,,Bachelor's Degree in Finance,3
3276981161,Financial Institution/Insurance/Financial Services,,Bachelor's Degree in Marketing,3
3276981161,Financial Institution/Insurance/Financial Services,,MBA with a Bachelor's Degree in Accounting,3
3276981161,Financial Institution/Insurance/Financial Services,,MBA with a Bachelor's Degree in Business Administration/Business Management,3
3276981161,Financial Institution/Insurance/Financial Services,,MBA with a Bachelor's Degree in Economics,3
3276981161,Financial Institution/Insurance/Financial Services,,MBA with a Bachelor's Degree in Finance,3
3276981161,Financial Institution/Insurance/Financial Services,,MBA with a Bachelor's Degree in Marketing,3
3276789950,Government/Not-For-Profit,,Bachelor's Degree in Accounting,4
3276789950,Government/Not-For-Profit,,Bachelor's Degree in Business Administration or Business Management,5
3276789950,Government/Not-For-Profit,,Bachelor's Degree in Economics,4
3276789950,Government/Not-For-Profit,,Bachelor's Degree in Finance,4
3276789950,Government/Not-For-Profit,,Bachelor's Degree in Marketing,4
3276789950,Government/Not-For-Profit,,MBA with a Bachelor's Degree in Accounting,4
3276789950,Government/Not-For-Profit,,MBA with a Bachelor's Degree in Business Administration/Business Management,5
3276789950,Government/Not-For-Profit,,MBA with a Bachelor's Degree in Economics,5
3276789950,Government/Not-For-Profit,,MBA with a Bachelor's Degree in Finance,4
3276789950,Government/Not-For-Profit,,MBA with a Bachelor's Degree in Marketing,5
3276777805,Other Services,Fulfillment/Printing,Bachelor's Degree in Accounting,4
3276777805,Other Services,Fulfillment/Printing,Bachelor's Degree in Business Administration or Business Management,4
3276777805,Other Services,Fulfillment/Printing,Bachelor's Degree in Economics,4
3276777805,Other Services,Fulfillment/Printing,Bachelor's Degree in Finance,4
3276777805,Other Services,Fulfillment/Printing,Bachelor's Degree in Marketing,4
3276777805,Other Services,Fulfillment/Printing,MBA with a Bachelor's Degree in Accounting,3
3276777805,Other Services,Fulfillment/Printing,MBA with a Bachelor's Degree in Business Administration/Business Management,3
3276777805,Other Services,Fulfillment/Printing,MBA with a Bachelor's Degree in Economics,3
3276777805,Other Services,Fulfillment/Printing,MBA with a Bachelor's Degree in Finance,3
3276777805,Other Services,Fulfillment/Printing,MBA with a Bachelor's Degree in Marketing,3
3276726733,Government/Not-For-Profit,,Bachelor's Degree in Accounting,3
3276726733,Government/Not-For-Profit,,Bachelor's Degree in Business Administration or Business Management,5
3276726733,Government/Not-For-Profit,,Bachelor's Degree in Economics,3
3276726733,Government/Not-For-Profit,,Bachelor's Degree in Finance,4
3276726733,Government/Not-For-Profit,,Bachelor's Degree in Marketing,4
3276726733,Government/Not-For-Profit,,MBA with a Bachelor's Degree in Accounting,3
3276726733,Government/Not-For-Profit,,MBA with a Bachelor's Degree in Business Administration/Business Management,5
3276726733,Government/Not-For-Profit,,MBA with a Bachelor's Degree in Economics,3
3276726733,Government/Not-For-Profit,,MBA with a Bachelor's Degree in Finance,4
3276726733,Government/Not-For-Profit,,MBA with a Bachelor's Degree in Marketing,4
3275170817,Other Services,Agriculture,Bachelor's Degree in Accounting,5
3275170817,Other Services,Agriculture,Bachelor's Degree in Business Administration or Business Management,5
3275170817,Other Services,Agriculture,Bachelor's Degree in Economics,4
3275170817,Other Services,Agriculture,Bachelor's Degree in Finance,5
3275170817,Other Services,Agriculture,Bachelor's Degree in Marketing,4
3275170817,Other Services,Agriculture,MBA with a Bachelor's Degree in Accounting,5
3275170817,Other Services,Agriculture,MBA with a Bachelor's Degree in Business Administration/Business Management,5
3275170817,Other Services,Agriculture,MBA with a Bachelor's Degree in Economics,4
3275170817,Other Services,Agriculture,MBA with a Bachelor's Degree in Finance,5
3275170817,Other Services,Agriculture,MBA with a Bachelor's Degree in Marketing,4
3275093124,Manufacturing,,Bachelor's Degree in Accounting,4
3275093124,Manufacturing,,Bachelor's Degree in Business Administration or Business Management,5
3275093124,Manufacturing,,Bachelor's Degree in Economics,4
3275093124,Manufacturing,,Bachelor's Degree in Finance,4
3275093124,Manufacturing,,Bachelor's Degree in Marketing,4
3275093124,Manufacturing,,MBA with a Bachelor's Degree in Accounting,4
3275093124,Manufacturing,,MBA with a Bachelor's Degree in Business Administration/Business Management,5
3275093124,Manufacturing,,MBA with a Bachelor's Degree in Economics,4
3275093124,Manufacturing,,MBA with a Bachelor's Degree in Finance,4
3275093124,Manufacturing,,MBA with a Bachelor's Degree in Marketing,4
3275014681,Retail Trade,,Bachelor's Degree in Accounting,3
3275014681,Retail Trade,,Bachelor's Degree in Business Administration or Business Management,3
3275014681,Retail Trade,,Bachelor's Degree in Economics,3
3275014681,Retail Trade,,Bachelor's Degree in Finance,3
3275014681,Retail Trade,,Bachelor's Degree in Marketing,4
3275014681,Retail Trade,,MBA with a Bachelor's Degree in Accounting,3
3275014681,Retail Trade,,MBA with a Bachelor's Degree in Business Administration/Business Management,3
3275014681,Retail Trade,,MBA with a Bachelor's Degree in Economics,3
3275014681,Retail Trade,,MBA with a Bachelor's Degree in Finance,3
3275014681,Retail Trade,,MBA with a Bachelor's Degree in Marketing,3
3274980359,Educational Services,,Bachelor's Degree in Accounting,4
3274980359,Educational Services,,Bachelor's Degree in Business Administration or Business Management,4
3274980359,Educational Services,,Bachelor's Degree in Economics,4
3274980359,Educational Services,,Bachelor's Degree in Finance,4
3274980359,Educational Services,,Bachelor's Degree in Marketing,4
3274980359,Educational Services,,MBA with a Bachelor's Degree in Accounting,4
3274980359,Educational Services,,MBA with a Bachelor's Degree in Business Administration/Business Management,4
3274980359,Educational Services,,MBA with a Bachelor's Degree in Economics,4
3274980359,Educational Services,,MBA with a Bachelor's Degree in Finance,4
3274980359,Educational Services,,MBA with a Bachelor's Degree in Marketing,4
3274913575,Financial Institution/Insurance/Financial Services,,Bachelor's Degree in Accounting,3
3274913575,Financial Institution/Insurance/Financial Services,,Bachelor's Degree in Business Administration or Business Management,5
3274913575,Financial Institution/Insurance/Financial Services,,Bachelor's Degree in Economics,5
3274913575,Financial Institution/Insurance/Financial Services,,Bachelor's Degree in Finance,5
3274913575,Financial Institution/Insurance/Financial Services,,Bachelor's Degree in Marketing,5
3274913575,Financial Institution/Insurance/Financial Services,,MBA with a Bachelor's Degree in Accounting,3
3274913575,Financial Institution/Insurance/Financial Services,,MBA with a Bachelor's Degree in Business Administration/Business Management,5
3274913575,Financial Institution/Insurance/Financial Services,,MBA with a Bachelor's Degree in Economics,4
3274913575,Financial Institution/Insurance/Financial Services,,MBA with a Bachelor's Degree in Finance,5
3274913575,Financial Institution/Insurance/Financial Services,,MBA with a Bachelor's Degree in Marketing,5
3274295629,Other Services,Staffing,Bachelor's Degree in Accounting,5
3274295629,Other Services,Staffing,Bachelor's Degree in Business Administration or Business Management,5
3274295629,Other Services,Staffing,Bachelor's Degree in Economics,5
3274295629,Other Services,Staffing,Bachelor's Degree in Finance,5
3274295629,Other Services,Staffing,Bachelor's Degree in Marketing,5
3274295629,Other Services,Staffing,MBA with a Bachelor's Degree in Accounting,4
3274295629,Other Services,Staffing,MBA with a Bachelor's Degree in Business Administration/Business Management,4
3274295629,Other Services,Staffing,MBA with a Bachelor's Degree in Economics,4
3274295629,Other Services,Staffing,MBA with a Bachelor's Degree in Finance,4
3274295629,Other Services,Staffing,MBA with a Bachelor's Degree in Marketing,4
3274060746,Government/Not-For-Profit,,Bachelor's Degree in Accounting,4
3274060746,Government/Not-For-Profit,,Bachelor's Degree in Business Administration or Business Management,5
3274060746,Government/Not-For-Profit,,Bachelor's Degree in Economics,4
3274060746,Government/Not-For-Profit,,Bachelor's Degree in Finance,5
3274060746,Government/Not-For-Profit,,Bachelor's Degree in Marketing,5
3274060746,Government/Not-For-Profit,,MBA with a Bachelor's Degree in Accounting,4
3274060746,Government/Not-For-Profit,,MBA with a Bachelor's Degree in Business Administration/Business Management,5
3274060746,Government/Not-For-Profit,,MBA with a Bachelor's Degree in Economics,4
3274060746,Government/Not-For-Profit,,MBA with a Bachelor's Degree in Finance,5
3274060746,Government/Not-For-Profit,,MBA with a Bachelor's Degree in Marketing,5
3272912812,Educational Services,,Bachelor's Degree in Accounting,1
3272912812,Educational Services,,Bachelor's Degree in Business Administration or Business Management,5
3272912812,Educational Services,,Bachelor's Degree in Economics,1
3272912812,Educational Services,,Bachelor's Degree in Finance,1
3272912812,Educational Services,,Bachelor's Degree in Marketing,
3272912812,Educational Services,,MBA with a Bachelor's Degree in Accounting,
3272912812,Educational Services,,MBA with a Bachelor's Degree in Business Administration/Business Management,4
3272912812,Educational Services,,MBA with a Bachelor's Degree in Economics,3
3272912812,Educational Services,,MBA with a Bachelor's Degree in Finance,3
3272912812,Educational Services,,MBA with a Bachelor's Degree in Marketing,3
3269719264,Accommodations and Food Services,,Bachelor's Degree in Accounting,2
3269719264,Accommodations and Food Services,,Bachelor's Degree in Business Administration or Business Management,2
3269719264,Accommodations and Food Services,,Bachelor's Degree in Economics,2
3269719264,Accommodations and Food Services,,Bachelor's Degree in Finance,2
3269719264,Accommodations and Food Services,,Bachelor's Degree in Marketing,2
3269719264,Accommodations and Food Services,,MBA with a Bachelor's Degree in Accounting,2
3269719264,Accommodations and Food Services,,MBA with a Bachelor's Degree in Business Administration/Business Management,2
3269719264,Accommodations and Food Services,,MBA with a Bachelor's Degree in Economics,2
3269719264,Accommodations and Food Services,,MBA with a Bachelor's Degree in Finance,2
3269719264,Accommodations and Food Services,,MBA with a Bachelor's Degree in Marketing,2
3269375013,Government/Not-For-Profit,,Bachelor's Degree in Accounting,
3269375013,Government/Not-For-Profit,,Bachelor's Degree in Business Administration or Business Management,
3269375013,Government/Not-For-Profit,,Bachelor's Degree in Economics,
3269375013,Government/Not-For-Profit,,Bachelor's Degree in Finance,
3269375013,Government/Not-For-Profit,,Bachelor's Degree in Marketing,
3269375013,Government/Not-For-Profit,,MBA with a Bachelor's Degree in Accounting,
3269375013,Government/Not-For-Profit,,MBA with a Bachelor's Degree in Business Administration/Business Management,
3269375013,Government/Not-For-Profit,,MBA with a Bachelor's Degree in Economics,
3269375013,Government/Not-For-Profit,,MBA with a Bachelor's Degree in Finance,
3269375013,Government/Not-For-Profit,,MBA with a Bachelor's Degree in Marketing,
3269210811,"Real Estate, Property Management, Rental",,Bachelor's Degree in Accounting,2
3269210811,"Real Estate, Property Management, Rental",,Bachelor's Degree in Business Administration or Business Management,5
3269210811,"Real Estate, Property Management, Rental",,Bachelor's Degree in Economics,3
3269210811,"Real Estate, Property Management, Rental",,Bachelor's Degree in Finance,4
3269210811,"Real Estate, Property Management, Rental",,Bachelor's Degree in Marketing,5
3269210811,"Real Estate, Property Management, Rental",,MBA with a Bachelor's Degree in Accounting,2
3269210811,"Real Estate, Property Management, Rental",,MBA with a Bachelor's Degree in Business Administration/Business Management,2
3269210811,"Real Estate, Property Management, Rental",,MBA with a Bachelor's Degree in Economics,2
3269210811,"Real Estate, Property Management, Rental",,MBA with a Bachelor's Degree in Finance,2
3269210811,"Real Estate, Property Management, Rental",,MBA with a Bachelor's Degree in Marketing,2
3269208438,Construction,,Bachelor's Degree in Accounting,3
3269208438,Construction,,Bachelor's Degree in Business Administration or Business Management,5
3269208438,Construction,,Bachelor's Degree in Economics,3
3269208438,Construction,,Bachelor's Degree in Finance,3
3269208438,Construction,,Bachelor's Degree in Marketing,5
3269208438,Construction,,MBA with a Bachelor's Degree in Accounting,3
3269208438,Construction,,MBA with a Bachelor's Degree in Business Administration/Business Management,5
3269208438,Construction,,MBA with a Bachelor's Degree in Economics,3
3269208438,Construction,,MBA with a Bachelor's Degree in Finance,3
3269208438,Construction,,MBA with a Bachelor's Degree in Marketing,5
3268939829,Other Services,Staffing and Recruiting,Bachelor's Degree in Accounting,5
3268939829,Other Services,Staffing and Recruiting,Bachelor's Degree in Business Administration or Business Management,5
3268939829,Other Services,Staffing and Recruiting,Bachelor's Degree in Economics,5
3268939829,Other Services,Staffing and Recruiting,Bachelor's Degree in Finance,5
3268939829,Other Services,Staffing and Recruiting,Bachelor's Degree in Marketing,5
3268939829,Other Services,Staffing and Recruiting,MBA with a Bachelor's Degree in Accounting,5
3268939829,Other Services,Staffing and Recruiting,MBA with a Bachelor's Degree in Business Administration/Business Management,5
3268939829,Other Services,Staffing and Recruiting,MBA with a Bachelor's Degree in Economics,5
3268939829,Other Services,Staffing and Recruiting,MBA with a Bachelor's Degree in Finance,5
3268939829,Other Services,Staffing and Recruiting,MBA with a Bachelor's Degree in Marketing,5
3268843543,Other Services,Temporary to Permanent Placement Staffing,Bachelor's Degree in Accounting,4
3268843543,Other Services,Temporary to Permanent Placement Staffing,Bachelor's Degree in Business Administration or Business Management,5
3268843543,Other Services,Temporary to Permanent Placement Staffing,Bachelor's Degree in Economics,4
3268843543,Other Services,Temporary to Permanent Placement Staffing,Bachelor's Degree in Finance,4
3268843543,Other Services,Temporary to Permanent Placement Staffing,Bachelor's Degree in Marketing,5
3268843543,Other Services,Temporary to Permanent Placement Staffing,MBA with a Bachelor's Degree in Accounting,4
3268843543,Other Services,Temporary to Permanent Placement Staffing,MBA with a Bachelor's Degree in Business Administration/Business Management,5
3268843543,Other Services,Temporary to Permanent Placement Staffing,MBA with a Bachelor's Degree in Economics,4
3268843543,Other Services,Temporary to Permanent Placement Staffing,MBA with a Bachelor's Degree in Finance,4
3268843543,Other Services,Temporary to Permanent Placement Staffing,MBA with a Bachelor's Degree in Marketing,5
3266749095,Wholesale Trade,,Bachelor's Degree in Accounting,4
3266749095,Wholesale Trade,,Bachelor's Degree in Business Administration or Business Management,5
3266749095,Wholesale Trade,,Bachelor's Degree in Economics,3
3266749095,Wholesale Trade,,Bachelor's Degree in Finance,3
3266749095,Wholesale Trade,,Bachelor's Degree in Marketing,4
3266749095,Wholesale Trade,,MBA with a Bachelor's Degree in Accounting,3
3266749095,Wholesale Trade,,MBA with a Bachelor's Degree in Business Administration/Business Management,3
3266749095,Wholesale Trade,,MBA with a Bachelor's Degree in Economics,3
3266749095,Wholesale Trade,,MBA with a Bachelor's Degree in Finance,3
3266749095,Wholesale Trade,,MBA with a Bachelor's Degree in Marketing,3
3266527983,"Arts, Entertainment, and Recreation",,Bachelor's Degree in Accounting,3
3266527983,"Arts, Entertainment, and Recreation",,Bachelor's Degree in Business Administration or Business Management,5
3266527983,"Arts, Entertainment, and Recreation",,Bachelor's Degree in Economics,5
3266527983,"Arts, Entertainment, and Recreation",,Bachelor's Degree in Finance,3
3266527983,"Arts, Entertainment, and Recreation",,Bachelor's Degree in Marketing,4
3266527983,"Arts, Entertainment, and Recreation",,MBA with a Bachelor's Degree in Accounting,4
3266527983,"Arts, Entertainment, and Recreation",,MBA with a Bachelor's Degree in Business Administration/Business Management,5
3266527983,"Arts, Entertainment, and Recreation",,MBA with a Bachelor's Degree in Economics,5
3266527983,"Arts, Entertainment, and Recreation",,MBA with a Bachelor's Degree in Finance,4
3266527983,"Arts, Entertainment, and Recreation",,MBA with a Bachelor's Degree in Marketing,4
3264592720,Manufacturing,,Bachelor's Degree in Accounting,3
3264592720,Manufacturing,,Bachelor's Degree in Business Administration or Business Management,5
3264592720,Manufacturing,,Bachelor's Degree in Economics,5
3264592720,Manufacturing,,Bachelor's Degree in Finance,3
3264592720,Manufacturing,,Bachelor's Degree in Marketing,3
3264592720,Manufacturing,,MBA with a Bachelor's Degree in Accounting,4
3264592720,Manufacturing,,MBA with a Bachelor's Degree in Business Administration/Business Management,5
3264592720,Manufacturing,,MBA with a Bachelor's Degree in Economics,5
3264592720,Manufacturing,,MBA with a Bachelor's Degree in Finance,5
3264592720,Manufacturing,,MBA with a Bachelor's Degree in Marketing,4
3264437356,Educational Services,,Bachelor's Degree in Accounting,4
3264437356,Educational Services,,Bachelor's Degree in Business Administration or Business Management,4
3264437356,Educational Services,,Bachelor's Degree in Economics,3
3264437356,Educational Services,,Bachelor's Degree in Finance,4
3264437356,Educational Services,,Bachelor's Degree in Marketing,3
3264437356,Educational Services,,MBA with a Bachelor's Degree in Accounting,4
3264437356,Educational Services,,MBA with a Bachelor's Degree in Business Administration/Business Management,5
3264437356,Educational Services,,MBA with a Bachelor's Degree in Economics,3
3264437356,Educational Services,,MBA with a Bachelor's Degree in Finance,5
3264437356,Educational Services,,MBA with a Bachelor's Degree in Marketing,3
3262703782,Accommodations and Food Services,,Bachelor's Degree in Accounting,3
3262703782,Accommodations and Food Services,,Bachelor's Degree in Business Administration or Business Management,5
3262703782,Accommodations and Food Services,,Bachelor's Degree in Economics,3
3262703782,Accommodations and Food Services,,Bachelor's Degree in Finance,3
3262703782,Accommodations and Food Services,,Bachelor's Degree in Marketing,3
3262703782,Accommodations and Food Services,,MBA with a Bachelor's Degree in Accounting,3
3262703782,Accommodations and Food Services,,MBA with a Bachelor's Degree in Business Administration/Business Management,5
3262703782,Accommodations and Food Services,,MBA with a Bachelor's Degree in Economics,3
3262703782,Accommodations and Food Services,,MBA with a Bachelor's Degree in Finance,3
3262703782,Accommodations and Food Services,,MBA with a Bachelor's Degree in Marketing,3
3262429695,Retail Trade,,Bachelor's Degree in Accounting,1
3262429695,Retail Trade,,Bachelor's Degree in Business Administration or Business Management,4
3262429695,Retail Trade,,Bachelor's Degree in Economics,3
3262429695,Retail Trade,,Bachelor's Degree in Finance,2
3262429695,Retail Trade,,Bachelor's Degree in Marketing,4
3262429695,Retail Trade,,MBA with a Bachelor's Degree in Accounting,1
3262429695,Retail Trade,,MBA with a Bachelor's Degree in Business Administration/Business Management,4
3262429695,Retail Trade,,MBA with a Bachelor's Degree in Economics,3
3262429695,Retail Trade,,MBA with a Bachelor's Degree in Finance,2
3262429695,Retail Trade,,MBA with a Bachelor's Degree in Marketing,3
3261920130,Manufacturing,,Bachelor's Degree in Accounting,4
3261920130,Manufacturing,,Bachelor's Degree in Business Administration or Business Management,5
3261920130,Manufacturing,,Bachelor's Degree in Economics,5
3261920130,Manufacturing,,Bachelor's Degree in Finance,5
3261920130,Manufacturing,,Bachelor's Degree in Marketing,4
3261920130,Manufacturing,,MBA with a Bachelor's Degree in Accounting,4
3261920130,Manufacturing,,MBA with a Bachelor's Degree in Business Administration/Business Management,5
3261920130,Manufacturing,,MBA with a Bachelor's Degree in Economics,5
3261920130,Manufacturing,,MBA with a Bachelor's Degree in Finance,5
3261920130,Manufacturing,,MBA with a Bachelor's Degree in Marketing,4
3261633484,Retail Trade,,Bachelor's Degree in Accounting,3
3261633484,Retail Trade,,Bachelor's Degree in Business Administration or Business Management,3
3261633484,Retail Trade,,Bachelor's Degree in Economics,3
3261633484,Retail Trade,,Bachelor's Degree in Finance,3
3261633484,Retail Trade,,Bachelor's Degree in Marketing,1
3261633484,Retail Trade,,MBA with a Bachelor's Degree in Accounting,3
3261633484,Retail Trade,,MBA with a Bachelor's Degree in Business Administration/Business Management,3
3261633484,Retail Trade,,MBA with a Bachelor's Degree in Economics,3
3261633484,Retail Trade,,MBA with a Bachelor's Degree in Finance,3
3261633484,Retail Trade,,MBA with a Bachelor's Degree in Marketing,1
3261410347,Other Services,Wastewater treatment and collection - Government,Bachelor's Degree in Accounting,4
3261410347,Other Services,Wastewater treatment and collection - Government,Bachelor's Degree in Business Administration or Business Management,5
3261410347,Other Services,Wastewater treatment and collection - Government,Bachelor's Degree in Economics,3
3261410347,Other Services,Wastewater treatment and collection - Government,Bachelor's Degree in Finance,2
3261410347,Other Services,Wastewater treatment and collection - Government,Bachelor's Degree in Marketing,2
3261410347,Other Services,Wastewater treatment and collection - Government,MBA with a Bachelor's Degree in Accounting,2
3261410347,Other Services,Wastewater treatment and collection - Government,MBA with a Bachelor's Degree in Business Administration/Business Management,2
3261410347,Other Services,Wastewater treatment and collection - Government,MBA with a Bachelor's Degree in Economics,2
3261410347,Other Services,Wastewater treatment and collection - Government,MBA with a Bachelor's Degree in Finance,2
3261410347,Other Services,Wastewater treatment and collection - Government,MBA with a Bachelor's Degree in Marketing,2
3261337319,Other Services,Hospitality,Bachelor's Degree in Accounting,4
3261337319,Other Services,Hospitality,Bachelor's Degree in Business Administration or Business Management,5
3261337319,Other Services,Hospitality,Bachelor's Degree in Economics,4
3261337319,Other Services,Hospitality,Bachelor's Degree in Finance,4
3261337319,Other Services,Hospitality,Bachelor's Degree in Marketing,4
3261337319,Other Services,Hospitality,MBA with a Bachelor's Degree in Accounting,5
3261337319,Other Services,Hospitality,MBA with a Bachelor's Degree in Business Administration/Business Management,5
3261337319,Other Services,Hospitality,MBA with a Bachelor's Degree in Economics,5
3261337319,Other Services,Hospitality,MBA with a Bachelor's Degree in Finance,5
3261337319,Other Services,Hospitality,MBA with a Bachelor's Degree in Marketing,5
3259556454,Retail Trade,,Bachelor's Degree in Accounting,4
3259556454,Retail Trade,,Bachelor's Degree in Business Administration or Business Management,4
3259556454,Retail Trade,,Bachelor's Degree in Economics,4
3259556454,Retail Trade,,Bachelor's Degree in Finance,4
3259556454,Retail Trade,,Bachelor's Degree in Marketing,4
3259556454,Retail Trade,,MBA with a Bachelor's Degree in Accounting,4
3259556454,Retail Trade,,MBA with a Bachelor's Degree in Business Administration/Business Management,4
3259556454,Retail Trade,,MBA with a Bachelor's Degree in Economics,4
3259556454,Retail Trade,,MBA with a Bachelor's Degree in Finance,4
3259556454,Retail Trade,,MBA with a Bachelor's Degree in Marketing,4
